rownumber,id,source,filetype,filename
53,c7a887a44298821a6129a4f01f5e46cf04f17bc1,LosslessLegs,flac,think.flac
64,0140111caca68f331e53d9651a3eadf6b7b0f999,LosslessLegs,flac,it's no use.flac
125,87ec619615924cd0858add14592b79bc0d4a2fad,LosslessLegs,flac,side a.flac
1134,565913.html,DimeaDozen,flac,is she really going out with him.flac
1167,565961.html,DimeaDozen,flac,stranger than fiction - der britische saenger joe jackson (deutschlandfunk_ rock et cetera).flac
1188,565991.html,DimeaDozen,flac,a head full of dreams.flac
1471,566364.html,DimeaDozen,flac,suite in c.flac
2244,567372.html,DimeaDozen,flac,howard stern.flac
2281,567416.html,DimeaDozen,flac,satoko .flac
2715,126863.html,TradersDen,flac,applause-talk.flac
2717,126867.html,TradersDen,mp3,haydn.mp3
2731,126893.html,TradersDen,mp3,perfect parts.mp3
2738,126900.html,TradersDen,mp3,crane wife.mp3
2813,127011.html,TradersDen,mp3,how to let it go.mp3
2902,127144.html,TradersDen,mp3,john riley.mp3
2919,127164.html,TradersDen,mp3,mozart.mp3
2939,127186.html,TradersDen,mp3,debussy.mp3
2946,127193.html,TradersDen,mp3,brahms.mp3
